,,січ.-19,,,,,,,,,,,,
"Month
Місяць",Id_airport,Airport name (Назва аеропорту),Passengers(Пасажиропотік),"Air Transport
Movements( Рейси)",Cancelled movements (Скасовані рейси),"Total Air Transport
Movements Excluding
Cancelled(Загальний рух повітряного транспорту, крім скасованих)",International Terminal Passenger Traffic(Пасажиропотік міжнародних терміналів),Domestic Terminal Passenger Traffic(Пасажиропотік внутрішніх терміналів),Між_план,Між_чартер,Внутр_план,Внутр_чартер,Дохід,Прибуток
January,1,Heathrow,80 223 000,38 059,348,37 711,5 601 157,326 068,5 600 008,1 149,326 068,0,"£316 262 000,0","£38 360 000,0"
January,2,Gatwick,46 187 000,19 519,55,19 464,2 687 194,266 321,2 524 087,163 107,266 122,199,"£70 506 000,0","£9 783 000,0"
January,3,Manchester,28 373 000,13 344,205,13 139,1 597 368,185 107,1 476 291,121 077,184 954,153,"£69 306 000,0","£18 021 000,0"
January,4,Stansted,28 124 000,13 972,38,13 934,1 777 403,152 663,1 761 006,16 397,152 663,0,"£28 600 000,0","£10 501 000,0"
January,5,Luton,16 889 000,7 946,29,7 917,1 079 244,77 115,1 071 069,8 175,77 115,0,"£16 096,0","£4 083,0"
January,6,Edinburgh,14 374 000,8 701,51,8 650,525 825,393 656,511 755,14 070,393 656,0,"£18 130 000,0","£8 555 000,0"
January,7,Birgmingham,12 489 000,7 224,49,7 175,686 537,94 670,627 491,59 046,94 523,147,"£12 500 000,0","£1 900 000,0"
January,8,Bristol,8 731 000,4 532,0,4 532,423 554,96 873,382 633,354 982,96 873,0,"£8 660 000,0","£2 100 000,0"
January,9,Glasgow,9 599 000,5 472,74,5 398,241 569,284 445,227 612,13 957,284 445,0,"£15 006 000,0","£3 008 000,0"
January,10,Belfast International,6 310 000,3 524,3,3 521,110 639,295 596,101 502,9 137,295 086,210,"£5 004,0","£2 501,0"
January,11,Newcastle,5 324 000,2 546,60,2 486,192 200,81 116,191 775,425,80 827,289,"£2 703 000,0","£703 000,0"
January,12,Liverpool,5 037 000,2 543,3,2 540,24 549,70 973,245 218,241,70 384,589,"£2 917 000,0","£1 302 000,0"
January,13,East Midlands International,4 876 000,3 746,26,3 720,188 503,26 552,170 018,18 485,26 522,0,"£3 500 000,0","£780 000,0"
January,14,Aberdeen,3 042 000,N/A,255,N/A,89 364,114 983,51 876,37 488,107 542,7441,"£4 686 000,0","£1 398 000,0"
January,15,Belfast City( George best),2 509 000,2 600,17,2 583,3 748,158 265,3 050,698,158 265,0,"£1 759 000,0","£685 000,0"
January,16,Southerd,1 487 000,886,7,879,72 034,750,74 959,125,750,0,"£1 998 000,0","£603 000,0"
January,17,Southampton,1 982 000,2 439,132,2 307,42 168,78 034,41 265,903,77 877,157,"£2 870 000,0","£1 395 000,0"
January,18,Cardiff Wales,1 582 000,958,8,950,57 105,15 995,41 520,15 585,15 619,376,"£1 900 000,0","£6 200,0"
January,19,Doncaster Sheffield,1 221 000,514,2,512,67 363,2 449,51 980,15 383,2 449,0,"£1 100 000,0","£96 000,0"
January,20,Exeter,934 000,935,5,930,27 479,26 909,16 300,11 179,26 909,0,"£3 766 000,0","£625 000,0"
January,21,Bournemouth,679 000,250,0,250,35 721,148,26 035,9 686,0,148,"£4 646 000,0","£123 800,0"
January,22,Norwich,536 000,1 406,0,1 406,20 089,8 027,11 256,8 833,8 027,0,"£1 400 000,0","£555 000,0"
January,23,Newquay,460 000,380,7,373,4 022,19 394,3 706,316,19 394,0,"£900 000,0","£300 000,0"
January,24,Humberside,192 000,657,121,536,11 610,1 801,9 710,1 900,1 801,0,"£812 000,0","£38 000,0"
February,1,Heathrow,80 314 000,35 347,357,34 990,5 161 427,320 861,5 159 613,1 814,320 861,0,"£229 190 000,0","£31 940 000,0"
February,2,Gatwick,46 306 000,19 947,100,19 847,2 824 620,273 904,2 661 297,163 323,273 904,307,"£66 037 000,0","£7 886 000,0"
February,3,Manchester,28 494 000,13 210,116,13 094,1 606 635,192 005,1 489 268,117 367,192 005,279,"£71 411 000,0","£19 033 000,0"
February,4,Stansted,28 266 000,13 823,18,13 805,1 716 304,157 426,81 233,22 731,157 426,0,"£28 699 000,0","£10 620 000,0"
February,5,Luton,17 028 000,9 767,6,9 761,1 108 710,82 687,1 099 574,9 136,82 687,286,"£16 509,0","£4 191,0"
February,6,Edinburgh,14 469 000,N/A,76,N/A,535 806,402 897,518 846,16 960,402 897,0,"£18 390 000,0","£8 787 000,0"
February,7,Birmingham,12 517 000,7 532,59,7 473,691 382,100 359,635 020,56 362,100 359,0,"£12 720 000,0","£2 111 000,0"
February,8,Bristol,8 737 000,4 062,0,4 062,424 989,97 933,381 638,43 351,97 933,175,"£8 998 000,0","£2 611 000,0"
February,9,Glasgow,9 565 000,6 101,72,6 029,239 908,293 373,227 395,12 513,293 373,0,"£15 263 000,0","£3 218 000,0"
February,10,Belfast International,6 374 000,4 337,8,4 329,111 478,333 814,100 710,10 768,333 814,824,"£5 112,0","£2 552,0"
February,11,Newcastle,5 318 000,3 181,74,3 107,199 207,82 938,198 948,259,82 938,148,"£2 692 000,0","£698 000,0"
February,12,Liverpool,5 041 000,4 790,10,4 780,258 878,80 161,257 370,1 508,80 161,318,"£2 970 000,0","£1 386 000,0"
February,13,East Midlands International,4 873 000,4 968,49,4 919,185 484,27 854,163 941,21 543,27 854,0,"£3 568 000,0","£798 000,0"
February,14,Aberdeen,3 025 000,6 665,216,6 449,87 131,103 283,52 763,34 368,103 283,6 239,"£46 989 000,0","£1 406 000,0"
February,15,Belfast City( George best),2 509 000,2 550,23,2 527,3 628,170 077,3 029,599,170 077,0,"£1 768 000,0","£693 000,0"
February,16,Southerd,1 490 000,1 900,29,1 871,81 233,214,81 233,0,214,0,"£2 000 000,0","£605 000,0"
February,17,Southampton,1 971 000,2 601,178,2 423,44 813,78 914,43 848,965,78 914,85,"£2 760 000,0","£1 380 000,0"
February,18,Cardiff Wales,1 582 000,2 299,17,2 282,61 161,16 412,44 164,16 997,16 412,337,"£1 898 000,0","£6 099,0"
February,19,Doncaster Sheffield,1 227 000,1 537,2,1 535,65 018,3 011,49 967,15 051,3 011,19,"£1 115 000,0","£99 000,0"
February,20,Exeter,939 000,2 987,6,2 981,30 476,30 803,19 532,10 944,30 803,0,"£3 683 000,0","£608 000,0"
February,21,Bournemouth,682 000,2 501,0,2 501,34 169,74,24 810,9 359,74,31,"£4 701 000,0","£1 280 000,0"
February,22,Norwich,539 000,2 591,N/A,N/A,22 118,8 808,13 109,9 009,8 808,45,"£1 430 000,0","£567 000,0"
February,23,Newquay,463 000,2 799,10,2 789,4 193,20 114,4 193,0,20 114,0,"£902 000,0","£303 000,0"
February,24,Humberside,194 000,1 571,58,1 513,12 544,1 766,10 222,2 322,1 766,0,"£820 000,0","£39 000,0"
March,1,Heathrow,80 349 000,40 027,225,39 802,6 136 165,391 105,6 135 457,708,391 083,22,"£232 222 000,0","£31 818 000,0"
March,2,Gatwick,46 454 000,22 682,125,22 557,3 322 650,301 211,3 135 747,186 903,301 081,130,"£65 008 000,0","£6 997 000,0"
March,3,Manchester,28 565 000,15 118,110,15 008,1 849 766,212 289,1 718 694,131 072,212 018,271,"£70 359 000,0","£19 008 000,0"
March,4,Stansted,28 383 000,15 501,28,15 473,1 938 836,167 106,1 917 530,21 306,167 106,0,"£29 123 000,0","£10 933 000,0"
March,5,Luton,17 155 000,10 875,6,10 869,1 263 253,88 964,1 253 382,9 871,88 964,0,"£17 113,0","£4 282,0"
March,6,Edinburgh,14 611 000,10 091,48,10 043,647 093,458 549,629 041,18 052,457 614,935,"£18 986 000,0","£8 799 000,0"
March,7,Birmingham,12 540 000,8 560,141,8 419,789 971,112 518,728 443,61 528,112 387,131,"£13 008 000,0","£2 360 000,0"
March,8,Bristol,8 804 000,4 352,0,4 352,503 417,118 941,451 479,51 938,118 941,0,"£9 089 000,0","£2 097 000,0"
March,9,Glasgow,9 547 000,6 957,86,6 871,308 603,338 154,291 770,16 833,338 154,0,"£15 383 000,0","£3 400 000,0"
March,10,Belfast International,6 412 000,4 815,4,4 811,131 250,356 638,117 598,13 652,356 540,98,"£5 233,0","£2 603,0"
March,11,Newcastle,5 314 000,3 585,58,3 527,240 398,97 414,240 398,0,97 414,0,"£2 711 000,0","£710 000,0"
March,12,Liverpool,5 037 000,4 714,5,4 709,293 629,89 008,292 563,1 066,88 715,293,"£3 102 000,0","£1 399 000,0"
March,13,East Midlands International,4 853 000,5 264,74,5 190,223 337,30 832,203 236,20 101,30 832,0,"£3 607 000,0","£802 000,0"
March,14,Aberdeen,3 007 000,7 387,199,7 188,100 102,124 603,62 423,37 679,118 077,6 526,"£4 703 000,0","£149 800,0"
March,15,Belfast City( George best),2 509 000,2 890,19,2 871,3 744,190 828,3 482,262,190 828,0,"£1 798 000,0","£709 000,0"
March,16,Southerd,1 497 000,2 178,17,2 161,98 529,575,98 529,0,575,0,"£2 090 000,0","£610 000,0"
March,17,Southampton,1 967 000,2 995,156,2 839,51 407,91 975,50 398,1 009,91 935,40,"£2 698 000,0","£1 323 000,0"
March,18,Cardiff Wales,1 585 000,2 173,34,2 139,76 978,22 077,55 345,21 633,20 858,1 219,"£1 800 000,0","£5 873,0"
March,19,Doncaster Sheffield,1 225 000,1 660,5,1 655,75 913,3 541,54 969,20 944,3 541,0,"£1 156 000,0","£1 000 000,0"
March,20,Exeter,950 000,3 033,11,3 022,33 584,34 717,22 642,10 942,34 580,137,"£3 678 000,0","£605 000,0"
March,21,Bournemouth,681 000,2 988,0,2 988,38 734,685,28 813,9 921,174,511,"£4 754 000,0","£1 296 000,0"
March,22,Norwich,539 000,2 787,N/A,N/A,25 299,9 859,15 933,9 366,9 752,107,"£1 442 000,0","£573 000,0"
March,23,Newquay,467 000,3 067,11,3 056,5 140,22 941,4 842,298,22 941,0,"£908 000,0","£306 000,0"
March,24,Humberside,196 000,1 535,52,1 483,13 488,1 986,11 429,2 059,1 887,99,"£856 000,0","£41 000,0"
April,1,Heathrow,80 565 000,40 415,152,40 263,6 376 032,422 174,6 375 933,99,422 174,0,"£126 306 000,0","£24 107 000,0"
April,2,Gatwick,46 566 000,23 725,94,23 631,3 559 805,295 118,3 402 293,157 512,294 952,166,"£63 703 000,0","£6 933 000,0"
April,3,Manchester,28 754 000,15 972,141,15 831,2 173 368,213 683,2 040 360,133 008,212 816,867,"£70 568 000,0","£19 097 000,0"
April,4,Stansted,28 408 000,15 529,26,15 503,2 228 076,161 301,2 209 426,18 650,161 301,0,"£30 200 000,0","£11 122 000,0"
April,5,Luton,17 305 000,9 731,14,9 717,1 444 378,110 078,1 430 185,14 193,110 078,0,"£17 670,0","£4 338,0"
April,6,Edinburgh,14 663 000,10 939,86,10 853,789 244,468 164,777 091,12 153,468 164,0,"£19 001 000,0","£9 013 000,0"
April,7,Birmingham,12 581 000,8 327,67,8 260,892 188,111 511,814 267,77 921,111 328,183,"£13 128 000,0","£2 388 000,0"
April,8,Bristol,8 816 000,5 016,0,5 016,602 155,112 734,532 880,69 275,112 734,0,"£9 133 000,0","£2 486 000,0"
April,9,Glasgow,9 441 000,6 391,74,6 317,362 941,328 863,343 664,19 277,328 863,0,"£15 455 000,0","£3 522 000,0"
April,10,Belfast International,6 455 000,3 866,1,3 865,190 669,351 497,177 405,13 264,351 318,179,"£5 599,0","£2 783,0"
April,11,Newcastle,5 305 000,3 165,35,3 130,294 045,98 868,294 045,0,98 868,0,"£2 755 000,0","£755 000,0"
April,12,Liverpool,5 042 000,2 981,3,2 978,364 705,78 668,361 878,2 827,78 243,425,"£3 234 000,0","£1 411 000,0"
April,13,East Midlands International,4 841 000,4 540,23,4 517,357 439,36 199,335 968,21 471,36 199,0,"£3 689 000,0","£832 000,0"
April,14,Aberdeen,2 993 000,6 736,260,6 476,114 108,125 707,73 553,40 555,119 214,6 493,"£4 758 000,0","£1 508 000,0"
April,15,Belfast City( George best),2 516 000,3 035,40,2 995,10 924,200 126,10 921,3,200 125,1,"£1 803 000,0","£716 000,0"
April,16,Southerd,1 571 000,1 546,11,1 535,180 751,6 599,180 751,0,6 599,0,"£2 100 000,0","£659 000,0"
April,17,Southampton,1 946 000,2 694,97,2 597,54 751,92 458,54 123,628,92 295,163,"£2 155 000,0","£677 000,0"
April,18,Cardiff Wales,1 606 000,1 384,0,1 384,104 501,21 773,72 028,32 473,21 340,433,"£2 701 000,0","£1 356 000,0"
April,19,Doncaster Sheffield,1 232 000,779,4,775,93 866,7 256,71 422,224 444,7 256,0,"£1 877 000,0","£6 001,0"
April,20,Exeter,960 000,1 289,7,1 282,45 759,39 231,31 523,14 236,39 231,0,"£1 158 000,0","£103 000,0"
April,21,Bournemouth,686 000,435,0,435,68 920,159,58 239,10 681,14,14,"£3 680 000,0","£609 000,0"
April,22,Norwich,542 000,1 063,0,1 063,27 526,10 628,18 559,8 967,10 511,117,"£1 458 000,0","£580 000,0"
April,23,Newquay,468 000,726,11,715,8 928,30 613,8 928,0,30 613,0,"£922 000,0","£315 000,0"
April,24,Humberside,198 000,580,26,554,13 760,2 091,11 762,1 998,1 965,126,"£818 000,0","£38 000,0"
May,1,Heathrow,80 657 000,41 811,234,41 577,6 329 953,438 950,6 324 299,5 654,438 950,0,"£130 760 000,0","£26 944 000,0"
May,2,Gatwick,46 641 000,25 849,172,25 677,3 865 627,311 539,3 636 033,229 594,311 335,204,"£65 081 000,0","£7 361 000,0"
May,3,Manchester,28 901 000,18 037,255,17 782,2 421 741,215 725,2 192 709,229 032,215 271,454,"£72 701 000,0","£20 873 000,0"
May,4,Stansted,28 460 000,16 970,82,16 888,2 403 080,165 363,2 365 661,37 419,165 363,0,"£31 400 000,0","£11 938 000,0"
May,5,Luton,17 445 000,10 305,68,10 237,1 545 117,113 716,1 518 616,26 501,113 407,309,"£18 098,0","£4 599,0"
May,6,Edinburgh,14 719 000,11 878,94,11 784,884 052,495 969,867 897,16 155,495 969,0,"£19 233 000,0","£9 088 000,0"
May,7,Birmingham,12 614 000,9 621,79,9 542,1 045 542,119 889,895 649,149 893,119 544,345,"£13 450 000,0","£2 401 000,0"
May,8,Bristol,8 833 000,5 799,28,5 771,729 682,120 799,652 758,76 924,120 378,421,"£9 386 000,0","£2 513 000,0"
May,9,Glasgow,9 367 000,7 425,93,7 332,496 129,358 819,449 584,46 545,358 630,189,"£15 806 000,0","£3 768 000,0"
May,10,Belfast International,6 505 000,4 584,0,4 584,252 745,354 613,240 715,12 030,354 493,120,"£5 332,0","£2 700,0"
May,11,Newcastle,5 312 000,3 992,24,3 968,424 213,102 371,417 852,6 361,102 042,329,"£2 823 000,0","£798 000,0"
May,12,Liverpool,5 052 000,3 211,12,3 199,395 027,78 745,388 893,6 134,78 657,88,"£3 302 000,0","£1 406 000,0"
May,13,East Midlands International,4 825 000,5 307,27,5 280,471 632,29 889,415 401,56 231,29 750,139,"£3 798 000,0","£905 000,0"
May,14,Aberdeen,2 986 000,7 140,0,7 140,119 824,150 234,70 925,48 899,137 173,13 061,"£4 699 000,0","£1 488 000,0"
May,15,Belfast City( George best),2 506 000,3 193,29,3 164,17 222,204 547,17 171,51,204 524,23,"£1 860 000,0","£735 000,0"
May,16,Southerd,1 646 000,1 808,15,1 793,191 798,10 966,191 798,0,10 966,0,"£2 190 000,0","£691 000,0"
May,17,Southampton,1 922 000,2 769,0,2 769,57 640,101 609,56 762,878,101 485,124,"£2 755 000,0","£1 376 000,0"
May,18,Cardiff Wales,1 618 000,1 703,7,1 696,154 351,22 353,72 831,81 520,22 106,247,"£1 906 000,0","£6 670,0"
May,19,Doncaster Sheffield,1 255 000,1 017,8,1 009,137 266,7 640,78 695,58 571,7 640,0,"£1 160 000,0","£106 000,0"
May,20,Exeter,972 000,1 440,12,1 428,56 858,42 202,32 793,24 065,42 202,0,"£3 689 000,0","£612 000,0"
May,21,Bournemouth,700 000,533,0,533,85 698,278,63 125,22 573,253,25,"£4 778 000,0","£1 309 000,0"
May,22,Norwich,543 000,1 820,0,1 820,42 610,12 478,18 287,24 323,12 405,73,"£1 463 000,0","£596 000,0"
May,23,Newquay,468 000,876,17,859,10 251,35 789,10 064,187,35 789,0,"£946 000,0","£328 000,0"
June,24,Humberside,200 000,660,27,633,16 494,2 169,12 016,4 478,1 848,321,"£815 000,0","£36 000,0"
June,1,Heathrow,80 779 000,41 072,247,40 825,6 811 883,434 649,6 791 618,20 265,434 649,0,"£199 000 000,0","£29 807 000,0"
June,2,Gatwick,46 659 000,26 442,123,26 319,4 221 756,295 329,3 919 791,301 965,295 139,190,"£64 120 000,0","£6 738 000,0"
June,3,Manchester,29 009 000,18 725,84,18 641,2 746 301,210 889,2 438 497,307 804,210 410,479,"£73 998 000,0","£21 011 000,0"
June,4,Stansted,28 478 000,16 755,31,16 724,2 544 734,107 846,2 497 149,47 555,107 846,0,"£32 223 000,0","£12 022 000,0"
June,5,Luton,17 557 000,10 153,31,10 122,1 584 292,112 906,1 552 786,31 506,112 906,0,"£19 234,0","£4 570,0"
June,6,Edinburgh,14 740 000,11 563,82,11 481,952 966,461 305,926 824,26 142,461 286,19,"£19 561 000,0","£9 110 000,0"
June,7,Birmingham,12 634 000,9 718,94,9 624,1 141 275,117 951,956 040,185 235,117 951,0,"£13 788 000,0","£2 689 000,0"
June,8,Bristol,8 839 000,6 042,19,6 023,796 263,117 336,694 119,102 144,116 925,411,"£9 298 000,0","£2 599 000,0"
June,9,Glasgow,9 284 000,7 595,67,7 528,574 621,349 848,509 447,65 174,349 848,0,"£15 231 000,0","£3 282 000,0"
June,10,Belfast International,6 508 000,4 327,0,4 327,293 928,318 106,267 012,26 916,318 106,0,"£5 121,0","£2 645,0"
June,11,Newcastle,5 287 000,4 000,10,3 990,464 353,98 475,464 353,0,98 475,0,"£2 887 000,0","£808 000,0"
June,12,Liverpool,5 072 000,3 196,19,3 177,403 121,79 449,392 544,10 577,79 449,0,"£3 516 000,0","£1 314 000,0"
June,13,East Midlands International,4 801 000,5 336,23,5 313,505 834,30 046,437 552,68 282,29 589,457,"£3 897 000,0","£915 000,0"
June,14,Aberdeen,2 978 000,6 620,91,6 529,133 286,135 031,82 189,51 097,125 053,9 978,"£4 659 000,0","£1 466 000,0"
June,15,Belfast City( George best),2 503 000,3 057,32,3 025,18 414,212 484,18 405,9,212 482,2,"£1 834 000,0","£714 000,0"
June,16,Southerd,1 718 000,1 966,6,1 960,198 857,16 560,198 857,0,16 560,0,"£2 108 000,0","£611 000,0"
June,17,Southampton,1 920 000,2 877,51,2 826,67 630,100 170,63 710,3 920,100 170,0,"£2 881 000,0","£1 399 000,0"
June,18,Cardiff Wales,1 630 000,1 730,13,1 717,171 645,21 343,79 343,92 302,21 343,0,"£1 901 000,0","£6 599,0"
June,19,Doncaster Sheffield,1 280 000,1 082,8,1 074,151 511,8 971,82 464,69 047,8 971,0,"£1 090 000,0","£101 000,0"
June,20,Exeter,982 000,1 466,16,1 450,65 597,40 779,37 329,28 268,40 779,0,"£3 697 000,0","£623 000,0"
June,21,Bournemouth,714 000,531,1,530,88 888,312,63 256,25 632,312,0,"£4 799 000,0","£1 346 000,0"
June,22,Norwich,542 000,1 844,0,1 844,45 017,12 400,17 652,27 365,12 400,0,"£1 468 000,0","£600 000,0"
June,23,Newquay,466 000,986,26,960,12 140,40 413,11 954,186,40 413,0,"£950 000,0","£346 000,0"
June,24,Humberside,202 000,642,30,612,17 892,2 208,11 463,6 429,1 761,447,"£830 000,0","£40 000,0"
July,1,Heathrow,80 721 000,42 599,539,42 060,7 304 678,449 886,7 288 230,16 448,449 886,0,"£219 111 000,0","£30 776 000,0"
July,2,Gatwick,46 602 000,27 775,497,27 278,4 458 164,281 090,4 130 614,327 547,281 018,72,"£62 080 000,0","£6 863 000,0"
July,3,Manchester,29 143 000,19 685,138,19 547,2 951 231,227 383,2 635 605,315 626,227 383,0,"£75 022 000,0","£22 334 000,0"
July,4,Stansted,28 466 000,17 293,77,17 216,2 646 547,111 791,2 600 154,46 393,111 623,168,"£32 021 000,0","£12 003 000,0"
July,5,Luton,17 670 000,10 867,106,10 761,1 698 529,109 228,1 664 139,34 390,109 228,0,"£20 034,0","£4 689,0"
July,6,Edinburgh,14 748 000,12 205,140,12 065,1 031 206,475 045,999 981,31 225,474 924,121,"£18 877 000,0","£8 978 000,0"
July,7,Birmingham,12 674 000,10 267,115,10 152,1 227 810,125 740,1 039 658,188 152,125 506,234,"£14 101 000,0","£3 012 000,0"
July,8,Bristol,8 873 000,6 455,52,6 403,849 779,122 640,752 343,97 436,122 290,350,"£9 538 000,0","£2 783 000,0"
July,9,Glasgow,9 184 000,7 954,169,7 785,621 961,344 654,205 879,65 082,344 410,244,"£15 108 000,0","£3 199 000,0"
July,10,Belfast International,6 471 000,4 441,1,4 440,315 756,323 579,254 841,60 915,323 500,79,"£5 794,0","£2 699,0"
July,11,Newcastle,5 270 000,4 187,42,4 145,495 651,104 465,495 035,616,104 165,0,"£2 856 000,0","£786 000,0"
July,12,Liverpool,5 077 000,3 332,22,3 310,415 474,79 803,413 874,2 140,79 756,47,"£3 609 000,0","£1 323 000,0"
July,13,East Midlands International,4 795 000,5 732,38,5 694,537 007,33 287,468 502,68 505,32 716,571,"£3 652 000,0","£762 000,0"
July,14,Aberdeen,2 967 000,7 046,208,6 838,140 066,140 054,81 741,58 325,129 597,10 457,"£4 768 000,0","£1 546 000,0"
July,15,Belfast City( George best),2 509 000,3 274,52,3 222,20 989,235 576,20 981,8,235 456,120,"£1 888 000,0","£768 000,0"
July,16,Southerd,1 786 000,2 127,12,2 115,214 301,20 565,214 301,0,20 565,0,"£2 099 000,0","£600 000,0"
July,17,Southampton,1 883 000,3 088,100,2 988,72 887,109 886,69 302,3 585,109 799,87,"£2 908 000,0","£1 407 000,0"
July,18,Cardiff Wales,1 646 000,1 839,27,1 812,183 590,24 454,158 535,94 357,24 302,152,"£1 910 000,0","£6 677,0"
July,19,Doncaster Sheffield,1 304 000,1 129,6,1 123,153 891,10 187,87 760,66 131,10 182,5,"£1 089 000,0","£98 000,0"
July,20,Exeter,997 000,1 542,4,1 538,66 516,46 516,39 309,27 207,46 516,0,"£3 710 000,0","£630 000,0"
July,21,Bournemouth,735 000,581,0,581,94 575,745,68 816,25 759,514,231,"£4 807 000,0","£1 388 000,0"
July,22,Norwich,541 000,1 867,0,1 867,44 560,13 805,16 068,25 485,13 658,147,"£1 471 000,0","£610 000,0"
July,23,Newquay,466 000,1 052,42,1 010,13 302,45 638,13 302,0,45 638,0,"£955 000,0","£368 000,0"
July,24,Humberside,204 000,744,31,713,17 935,2 260,11 820,6 115,1 881,379,"£848 000,0","£41 000,0"
August,1,Heathrow,80 730 000,42 452,502,41 950,7 239 500,440 507,7 220 193,19 307,440 507,0,"£280 232 000,0","£36 998 000,0"
August,2,Gatwick,46 618 000,28 158,270,27 888,4 658 832,284 988,4 293 978,364 854,284 558,430,"£67 136 000,0","£9 186 000,0"
August,3,Manchester,29 328 000,20 107,74,20 033,3 102 823,229 420,2 766 360,336 463,229 147,273,"£76 188 000,0","£22 661 000,0"
August,4,Stansted,28 358 000,17 362,36,17 326,2 754 553,111 091,2 704 798,49 755,111 091,0,"£30 333 000,0","£10 906 000,0"
August,5,Luton,17 808 000,10 973,85,10 888,1 785 927,111 202,1 738 630,47 297,111 202,0,"£20 165,0","£4 865,0"
August,6,Edinburgh,14 755 000,12 056,69,11 987,1 009 098,470 164,981 218,27 880,470 068,96,"£18 978 000,0","£9 112 000,0"
August,7,Birmingham,12 713 000,10 346,37,10 309,1 280 384,126 333,1 080 959,199 425,126 290,43,"£14 522 000,0","£3 322 000,0"
August,8,Bristol,8 918 000,6 403,43,6 360,885 518,123 980,778 583,106 935,123 739,241,"£9 538 000,0","£2 641 000,0"
August,9,Glasgow,9 082 000,7 696,66,7 630,572 704,336 744,512 085,60 619,336 706,38,"£15 673 000,0","£3 802 000,0"
August,10,Belfast International,6 439 000,4 392,1,4 391,308 217,331 116,254 485,53 732,331 078,38,"£5 976,0","£2 801,0"
August,11,Newcastle,5 254 000,4 112,21,4 091,499 638,103 178,499 374,264,102 950,228,"£2 902 000,0","£833 000,0"
August,12,Liverpool,5 066 000,3 300,0,3 300,431 987,85 820,431 335,652,85 284,536,"£3 679 000,0","£1 376 000,0"
August,13,East Midlands International,4 793 000,5 767,27,5 740,570 300,33 230,496 892,73 408,33 043,187,"£3 696 000,0","£768 000,0"
August,14,Aberdeen,2 951 000,6 673,99,6 574,130 168,137 470,79 669,50 499,126 599,10 871,"£4 796 000,0","£1 589 000,0"
August,15,Belfast City( George best),2 506 000,3 206,19,3 187,21 656,230 668,21 648,8,230 660,8,"£1 890 000,0","£790 000,0"
August,16,Southerd,1 841 000,2 115,8,2 107,222 979,21 603,222 979,0,21 603,0,"£2 110 000,0","£621 000,0"
August,17,Southampton,1 869 000,3 156,80,3 076,75 933,113 799,71 875,4 058,113 629,170,"£2 917 000,0","£1 422 000,0"
August,18,Cardiff Wales,1 660 000,1 812,7,1 805,191 058,25 472,91 814,99 244,24 959,513,"£1 933 000,0","£6 780,0"
August,19,Doncaster Sheffield,1 336 000,1 186,8,1 178,168 873,11 189,98 423,70 450,11 189,0,"£1 160 000,0","£107 000,0"
August,20,Exeter,1 013 000,1 533,16,1 517,72 832,47 158,40 380,45 179,47 106,52,"£3 738 000,0","£635 000,0"
August,21,Bournemouth,752 000,568,0,568,96 974,337,69 906,27 068,234,103,"£4 826 000,0","£1 416 000,0"
August,22,Norwich,541 000,1 845,0,1 845,47 080,13 221,19 358,27 722,13 158,63,"£1 478 000,0","£633 000,0"
August,23,Newquay,466 000,1 011,24,987,12 756,46 310,12 756,0,46 310,0,"£963 000,0","£385 000,0"
August,24,Humberside,206 000,703,29,674,18 134,2 296,11 632,6 502,1 776,520,"£858 000,0","£42 000,0"
September,1,Heathrow,80 525 000,39 431,445,38 986,6 386 486,391 234,6 367 967,18 519,391 234,0,"£312 078 000,0","£38 218 000,0"
September,2,Gatwick,46 510 000,26 116,391,25 725,4 087 647,282 667,3 774 989,312 658,281 747,920,"£69 338 000,0","£10 288 000,0"
September,3,Manchester,29 433 000,18 979,381,18 598,2 743 191,201 105,2 427 436,315 755,200 934,171,"£77 200 000,0","£24 012 000,0"
September,4,Stansted,28 287 000,16 639,43,16 596,2 502 291,108 884,2 450 458,51 833,108 884,0,"£27 222 000,0","£9 899 000,0"
September,5,Luton,17 975 000,10 523,29,10 494,1 621 873,110 951,1 588 885,32 988,110 951,0,"£20 406,0","£5 077,0"
September,6,Edinburgh,14 768 000,11 542,147,11 395,936 131,441 152,913 040,23 091,441 152,0,"£19 566 000,0","£9 577 000,0"
September,7,Birmingham,12 712 000,9 463,74,9 389,1 139 448,114 538,967 397,172 051,114 538,0,"£13 899 000,0","£3 679 000,0"
September,8,Bristol,8 957 000,6 246,77,6 169,807 288,120 572,702 619,104 669,119 879,693,"£9 689 000,0","£2 783 000,0"
September,9,Glasgow,9 009 000,7 404,179,7 225,554 473,327 688,493 634,60 839,326 633,1 055,"£15 889 000,0","£4 118 000,0"
September,10,Belfast International,6 417 000,4 334,2,4 332,267 742,309 117,227 388,40 354,308 672,445,"£5 098,0","£2 103,0"
September,11,Newcastle,5 232 000,4 078,50,4 028,461 898,95 511,458 350,3 548,95 311,200,"£2 911 000,0","£805 000,0"
September,12,Liverpool,5 033 000,3 046,7,3 039,375 189,69 079,374 903,286,68 778,301,"£3 739 000,0","£1 492 000,0"
September,13,East Midlands International,4 791 000,5 672,27,5 645,519 344,30 306,443 532,76 098,30 095,211,"£3 709 000,0","£890 200,0"
September,14,Aberdeen,2 945 000,6 662,209,6 453,130 139,131 624,82 644,47 495,121 807,9 817,"£4 801 000,0","£1 599 000,0"
September,15,Belfast City( George best),2 493 000,2 925,35,2 890,11 646,195 545,11 642,4,195 538,7,"£1 898 000,0","£796 000,0"
September,16,Southerd,1 897 000,1 895,14,1 881,193 875,16 590,193 875,0,16 590,0,"£2 146 000,0","£680 000,0"
September,17,Southampton,1 854 000,2 840,84,2 756,59 802,104 477,56 868,2 934,104 477,0,"£2 900 000,0","£1 420 000,0"
September,18,Cardiff Wales,1 670 000,1 632,6,1 626,167 925,20 434,79 288,88 637,20 370,64,"£1 947 000,0","£6 804,0"
September,19,Doncaster Sheffield,1 369 000,1 081,2,1 079,151 195,8 355,81 203,69 992,8 293,62,"£1 201 000,0","£108 000,0"
September,20,Exeter,1 024 000,1 360,12,1 348,62 772,40 410,35 605,27 167,40 410,0,"£3 780 000,0","£641 000,0"
September,21,Bournemouth,769 000,552,1,551,93 047,344,67 654,25 393,301,43,"£4 830 000,0","£142 800,0"
September,22,Norwich,541 000,1 746,0,1 746,43 902,13 605,19 556,24 336,13 573,32,"£1 490 000,0","£658 000,0"
September,23,Newquay,463 000,799,18,781,10 336,32 754,10 336,0,32 754,0,"£968 000,0","£390 000,0"
September,24,Humberside,206 000,605,23,582,16 775,2 099,11 633,5 142,1 893,206,"£867 000,0","£44 000,0"